<?xml version="1.0" encoding="UTF-8"?>
<project-private xmlns="http://www.netbeans.org/ns/project-private/1">
    <editor-bookmarks xmlns="http://www.netbeans.org/ns/editor-bookmarks/2" lastBookmarkId="0"/>
    <open-files xmlns="http://www.netbeans.org/ns/projectui-open-files/2">
        <group>
            <file>file:/C:/Users/luiza/Desktop/github-faculdade/faculdade-cc/4-semestre/laboratorio%20de%20desenvolvimento%20de%20software/aula%2006%20-%20banco%20de%20dados/Escola/src/escola/Escola.java</file>
            <file>file:/C:/Users/luiza/Desktop/github-faculdade/faculdade-cc/4-semestre/laboratorio%20de%20desenvolvimento%20de%20software/aula%2006%20-%20banco%20de%20dados/Escola/src/conexao/Conexao.java</file>
            <file>file:/C:/Users/luiza/Desktop/github-faculdade/faculdade-cc/4-semestre/laboratorio%20de%20desenvolvimento%20de%20software/aula%2006%20-%20banco%20de%20dados/Escola/src/beans/Aluno.java</file>
            <file>file:/C:/Users/luiza/Desktop/github-faculdade/faculdade-cc/4-semestre/laboratorio%20de%20desenvolvimento%20de%20software/aula%2006%20-%20banco%20de%20dados/Escola/src/beans/Professor.java</file>
            <file>file:/C:/Users/luiza/Desktop/github-faculdade/faculdade-cc/4-semestre/laboratorio%20de%20desenvolvimento%20de%20software/aula%2006%20-%20banco%20de%20dados/Escola/src/DAO/AlunoDAO.java</file>
            <file>file:/C:/Users/luiza/Desktop/github-faculdade/faculdade-cc/4-semestre/laboratorio%20de%20desenvolvimento%20de%20software/aula%2006%20-%20banco%20de%20dados/Escola/src/escola/AdicionarAluno.java</file>
            <file>file:/C:/Users/luiza/Desktop/github-faculdade/faculdade-cc/4-semestre/laboratorio%20de%20desenvolvimento%20de%20software/aula%2006%20-%20banco%20de%20dados/Escola/src/DAO/ProfessorDAO.java</file>
            <file>file:/C:/Users/luiza/Desktop/github-faculdade/faculdade-cc/4-semestre/laboratorio%20de%20desenvolvimento%20de%20software/aula%2006%20-%20banco%20de%20dados/Escola/src/escola/EditarExcluirAluno.java</file>
            <file>file:/C:/Users/luiza/Desktop/github-faculdade/faculdade-cc/4-semestre/laboratorio%20de%20desenvolvimento%20de%20software/aula%2006%20-%20banco%20de%20dados/Escola/src/escola/AdicionarProfessor.java</file>
            <file>file:/C:/Users/luiza/Desktop/github-faculdade/faculdade-cc/4-semestre/laboratorio%20de%20desenvolvimento%20de%20software/aula%2006%20-%20banco%20de%20dados/Escola/src/escola/EditarExcluirProfessor.java</file>
        </group>
    </open-files>
</project-private>
