<?xml version="1.0" encoding="UTF-8"?>
<project-private xmlns="http://www.netbeans.org/ns/project-private/1">
    <editor-bookmarks xmlns="http://www.netbeans.org/ns/editor-bookmarks/2" lastBookmarkId="0"/>
    <open-files xmlns="http://www.netbeans.org/ns/projectui-open-files/2">
        <group>
            <file>file:/C:/Users/luiza/Desktop/github-faculdade/faculdade-cc/4-semestre/pesquisa%20e%20ordenação/TrabalhoOrdenacao/src/metodos/Metodos.java</file>
            <file>file:/C:/Users/luiza/Desktop/github-faculdade/faculdade-cc/4-semestre/pesquisa%20e%20ordenação/TrabalhoOrdenacao/src/trabalhoordenacao/Menu.java</file>
            <file>file:/C:/Users/luiza/Desktop/github-faculdade/faculdade-cc/4-semestre/pesquisa%20e%20ordenação/TrabalhoOrdenacao/src/arquivo/Arquivo.java</file>
        </group>
    </open-files>
</project-private>
