<?xml version="1.0" encoding="UTF-8"?>
<project-private xmlns="http://www.netbeans.org/ns/project-private/1">
    <editor-bookmarks xmlns="http://www.netbeans.org/ns/editor-bookmarks/2" lastBookmarkId="0"/>
    <open-files xmlns="http://www.netbeans.org/ns/projectui-open-files/2">
        <group>
            <file>file:/C:/Users/luiza/Desktop/github-faculdade/faculdade-cc/4-semestre/laboratorio%20de%20desenvolvimento%20de%20software/aula%2010/Produto/src/conexao/Conexao.java</file>
            <file>file:/C:/Users/luiza/Desktop/github-faculdade/faculdade-cc/4-semestre/laboratorio%20de%20desenvolvimento%20de%20software/aula%2010/Produto/src/beans/Categoria.java</file>
            <file>file:/C:/Users/luiza/Desktop/github-faculdade/faculdade-cc/4-semestre/laboratorio%20de%20desenvolvimento%20de%20software/aula%2010/Produto/src/beans/Produto.java</file>
            <file>file:/C:/Users/luiza/Desktop/github-faculdade/faculdade-cc/4-semestre/laboratorio%20de%20desenvolvimento%20de%20software/aula%2010/Produto/src/DAO/CategoriaDAO.java</file>
            <file>file:/C:/Users/luiza/Desktop/github-faculdade/faculdade-cc/4-semestre/laboratorio%20de%20desenvolvimento%20de%20software/aula%2010/Produto/src/DAO/ProdutoDAO.java</file>
            <file>file:/C:/Users/luiza/Desktop/github-faculdade/faculdade-cc/4-semestre/laboratorio%20de%20desenvolvimento%20de%20software/aula%2010/Produto/src/produto/InserirProduto.java</file>
            <file>file:/C:/Users/luiza/Desktop/github-faculdade/faculdade-cc/4-semestre/laboratorio%20de%20desenvolvimento%20de%20software/aula%2010/Produto/src/produto/EditarExcluirProduto.java</file>
            <file>file:/C:/Users/luiza/Desktop/github-faculdade/faculdade-cc/4-semestre/laboratorio%20de%20desenvolvimento%20de%20software/aula%2010/Produto/src/produto/RelatorioProduto.java</file>
            <file>file:/C:/Users/luiza/Desktop/github-faculdade/faculdade-cc/4-semestre/laboratorio%20de%20desenvolvimento%20de%20software/aula%2010/Produto/src/produto/Produto.java</file>
        </group>
    </open-files>
</project-private>
